sale_id,date_id,product_id,customer_id,employee_id,quantity,total_amount
1,20260105,5,40,5,5,12500.0
2,20260105,8,5,4,5,25000.0
3,20260101,6,14,4,5,90000.0
4,20260114,9,11,5,3,27000.0
5,20260108,8,8,4,3,15000.0
6,20260115,7,25,5,1,15000.0
7,20260107,4,11,2,5,22500.0
8,20260111,10,30,4,1,3500.0
9,20260111,4,13,1,3,13500.0
10,20260103,9,7,4,3,27000.0
11,20260107,8,7,1,2,10000.0
12,20260113,4,7,5,4,18000.0
13,20260110,10,40,1,5,17500.0
14,20260101,10,10,1,1,3500.0
15,20260112,7,40,5,2,30000.0
16,20260110,6,8,5,5,90000.0
17,20260112,5,15,3,4,10000.0
18,20260103,2,30,2,3,8400.0
19,20260101,7,7,2,4,60000.0
20,20260107,7,30,4,5,75000.0
21,20260101,2,9,4,5,14000.0
22,20260102,5,1,2,5,12500.0
23,20260111,9,13,1,4,36000.0
24,20260102,8,13,2,5,25000.0
25,20260102,1,7,2,2,6000.0
26,20260110,10,2,3,2,7000.0
27,20260109,6,30,4,4,72000.0
28,20260106,4,5,3,5,22500.0
29,20260108,8,4,2,4,20000.0
30,20260108,4,25,1,4,18000.0
31,20260106,5,4,4,1,2500.0
32,20260110,9,14,2,2,18000.0
33,20260107,6,7,2,4,72000.0
34,20260106,5,20,4,5,12500.0
35,20260109,6,4,1,5,90000.0
36,20260113,7,10,5,3,45000.0
37,20260101,3,9,4,2,24000.0
38,20260105,5,5,1,4,10000.0
39,20260102,10,35,3,1,3500.0
40,20260115,7,20,2,2,30000.0
41,20260113,4,35,3,4,18000.0
42,20260113,2,9,2,3,8400.0
43,20260104,1,1,5,2,6000.0
44,20260108,9,8,2,4,36000.0
45,20260104,2,14,5,2,5600.0
46,20260108,2,7,5,5,14000.0
47,20260102,2,20,5,3,8400.0
48,20260101,9,40,5,5,45000.0
49,20260111,6,1,5,3,54000.0
50,20260115,5,14,1,3,7500.0
51,20260105,5,35,3,3,7500.0
52,20260107,3,13,4,4,48000.0
53,20260112,10,6,5,4,14000.0
54,20260104,9,8,5,4,36000.0
55,20260103,2,7,4,5,14000.0
56,20260101,5,13,5,2,5000.0
57,20260104,4,9,4,4,18000.0
58,20260112,6,7,3,2,36000.0
59,20260109,4,7,5,3,13500.0
60,20260114,6,3,1,4,72000.0
61,20260110,3,20,1,1,12000.0
62,20260110,10,20,2,4,14000.0
63,20260104,7,13,2,1,15000.0
64,20260114,6,5,2,1,18000.0
65,20260110,5,6,1,4,10000.0
66,20260105,10,1,5,1,3500.0
67,20260115,9,35,2,3,27000.0
68,20260112,1,30,3,5,15000.0
69,20260109,5,9,3,2,5000.0
70,20260113,2,1,2,5,14000.0
71,20260109,9,10,3,5,45000.0
72,20260110,1,4,5,4,12000.0
73,20260105,3,40,4,1,12000.0
74,20260103,5,40,1,2,5000.0
75,20260109,6,35,3,2,36000.0
76,20260115,3,14,5,5,60000.0
77,20260111,4,30,2,4,18000.0
78,20260113,1,13,5,3,9000.0
79,20260103,7,35,5,2,30000.0
80,20260108,8,2,5,3,15000.0
81,20260102,10,3,5,3,10500.0
82,20260101,9,7,4,2,18000.0
83,20260101,10,30,2,2,7000.0
84,20260115,5,20,5,2,5000.0
85,20260107,2,30,3,3,8400.0
86,20260114,1,30,3,1,3000.0
87,20260106,7,12,4,4,60000.0
88,20260107,1,6,2,4,12000.0
89,20260106,1,40,1,1,3000.0
90,20260103,2,6,3,4,11200.0
91,20260108,9,11,1,5,45000.0
92,20260103,6,4,2,3,54000.0
93,20260111,1,25,2,4,12000.0
94,20260111,1,3,4,5,15000.0
95,20260108,9,7,5,5,45000.0
96,20260112,10,7,1,2,7000.0
97,20260115,8,7,5,3,15000.0
98,20260101,3,40,1,1,12000.0
99,20260103,10,14,2,1,3500.0
100,20260112,4,20,1,2,9000.0
101,20260112,2,9,1,2,5600.0
102,20260103,6,15,1,1,18000.0
103,20260114,3,6,2,4,48000.0
104,20260101,9,25,5,4,36000.0
105,20260108,7,13,1,4,60000.0
106,20260103,9,11,5,2,18000.0
107,20260102,4,7,1,3,13500.0
108,20260110,2,4,1,3,8400.0
109,20260107,1,35,3,2,6000.0
110,20260112,8,10,2,4,20000.0
111,20260101,1,3,5,1,3000.0
112,20260106,5,10,3,2,5000.0
113,20260109,4,30,1,3,13500.0
114,20260108,5,1,5,2,5000.0
115,20260113,4,8,1,1,4500.0
116,20260101,3,8,3,2,24000.0
117,20260105,3,3,3,2,24000.0
118,20260106,1,35,5,5,15000.0
119,20260114,10,9,1,5,17500.0
120,20260111,10,11,4,1,3500.0
121,20260115,7,11,3,4,60000.0
122,20260110,8,40,2,3,15000.0
123,20260106,1,10,2,5,15000.0
124,20260114,2,13,4,3,8400.0
125,20260112,9,3,1,1,9000.0
126,20260102,5,11,4,3,7500.0
127,20260105,8,6,3,2,10000.0
128,20260107,1,3,5,5,15000.0
129,20260111,10,14,5,5,17500.0
130,20260101,3,7,1,5,60000.0
131,20260111,6,20,5,4,72000.0
132,20260110,9,20,5,1,9000.0
133,20260112,1,10,4,4,12000.0
134,20260115,2,5,4,5,14000.0
135,20260106,1,11,1,5,15000.0
136,20260110,1,30,1,2,6000.0
137,20260111,6,7,5,4,72000.0
138,20260115,3,10,2,3,36000.0
139,20260105,5,2,5,2,5000.0
140,20260105,7,14,3,4,60000.0
141,20260103,4,8,5,5,22500.0
142,20260106,5,14,5,2,5000.0
143,20260107,6,4,2,3,54000.0
144,20260114,4,11,1,2,9000.0
145,20260101,3,2,5,3,36000.0
146,20260109,5,14,2,4,10000.0
147,20260101,4,15,1,1,4500.0
148,20260104,5,30,3,2,5000.0
149,20260106,7,25,2,2,30000.0
150,20260102,6,3,4,5,90000.0
151,20260115,3,7,2,5,60000.0
152,20260115,8,13,4,1,5000.0
153,20260114,5,25,4,1,2500.0
154,20260112,5,10,2,2,5000.0
155,20260112,8,25,4,4,20000.0
156,20260105,1,30,4,5,15000.0
157,20260111,5,1,3,1,2500.0
158,20260111,6,20,4,1,18000.0
159,20260106,9,30,5,4,36000.0
160,20260102,3,5,4,5,60000.0
161,20260110,2,35,1,1,2800.0
162,20260111,10,12,5,3,10500.0
163,20260112,4,6,2,4,18000.0
164,20260113,1,4,4,3,9000.0
165,20260109,4,3,3,4,18000.0
166,20260103,3,11,5,3,36000.0
167,20260108,9,4,5,4,36000.0
168,20260108,9,14,1,5,45000.0
169,20260105,2,20,5,4,11200.0
170,20260112,2,5,3,2,5600.0
171,20260111,2,1,1,1,2800.0
172,20260103,4,30,2,5,22500.0
173,20260108,3,20,1,1,12000.0
174,20260112,5,15,4,1,2500.0
175,20260113,10,7,5,1,3500.0
176,20260102,8,5,3,5,25000.0
177,20260108,10,5,5,4,14000.0
178,20260103,10,12,3,4,14000.0
179,20260105,9,10,4,1,9000.0
180,20260107,5,8,1,4,10000.0
181,20260108,7,15,4,5,75000.0
182,20260107,2,40,3,2,5600.0
183,20260112,1,30,5,5,15000.0
184,20260110,6,8,1,1,18000.0
185,20260101,5,12,2,5,12500.0
186,20260101,7,14,4,1,15000.0
187,20260108,1,35,1,1,3000.0
188,20260114,5,11,3,2,5000.0
189,20260101,4,14,1,3,13500.0
190,20260115,9,40,3,3,27000.0
191,20260103,5,4,1,1,2500.0
192,20260104,5,1,2,3,7500.0
193,20260109,8,30,5,2,10000.0
194,20260113,2,1,3,2,5600.0
195,20260106,6,7,1,3,54000.0
196,20260101,10,9,5,3,10500.0
197,20260103,2,8,2,1,2800.0
198,20260108,9,5,4,4,36000.0
199,20260104,10,1,4,1,3500.0
200,20260104,4,3,3,1,4500.0
201,20260115,1,11,1,5,15000.0
202,20260105,9,30,4,4,36000.0
203,20260110,6,13,5,3,54000.0
204,20260114,2,6,4,5,14000.0
205,20260113,7,5,1,2,30000.0
206,20260110,7,6,4,1,15000.0
207,20260105,10,8,5,2,7000.0
208,20260112,4,1,1,1,4500.0
209,20260102,2,25,3,3,8400.0
210,20260106,2,25,4,2,5600.0
211,20260115,6,5,5,3,54000.0
212,20260102,10,20,5,1,3500.0
213,20260105,7,4,1,3,45000.0
214,20260104,6,40,5,4,72000.0
215,20260104,7,25,1,1,15000.0
216,20260115,5,35,3,2,5000.0
217,20260108,10,30,3,4,14000.0
218,20260102,8,11,2,1,5000.0
219,20260110,4,11,1,5,22500.0
220,20260112,7,14,1,2,30000.0
221,20260112,7,7,5,3,45000.0
222,20260111,3,10,3,5,60000.0
223,20260104,7,30,3,2,30000.0
224,20260107,4,2,2,4,18000.0
225,20260113,1,5,4,4,12000.0
226,20260107,8,3,4,5,25000.0
227,20260101,10,20,1,3,10500.0
228,20260111,10,14,3,2,7000.0
229,20260105,5,3,2,3,7500.0
230,20260112,10,40,1,4,14000.0
231,20260106,2,15,5,1,2800.0
232,20260115,1,11,3,5,15000.0
233,20260113,1,14,3,4,12000.0
234,20260111,3,40,3,2,24000.0
235,20260103,4,25,4,2,9000.0
236,20260101,1,10,3,4,12000.0
237,20260112,9,15,4,3,27000.0
238,20260106,5,40,5,5,12500.0
239,20260105,10,2,2,4,14000.0
240,20260104,8,30,4,5,25000.0
241,20260102,7,6,4,2,30000.0
242,20260103,6,14,2,1,18000.0
243,20260111,5,1,3,1,2500.0
244,20260111,2,5,2,2,5600.0
245,20260114,10,20,5,4,14000.0
246,20260110,5,14,5,4,10000.0
247,20260103,2,4,1,2,5600.0
248,20260101,9,12,3,3,27000.0
249,20260108,2,1,3,5,14000.0
250,20260104,3,2,5,2,24000.0
251,20260103,10,2,5,2,7000.0
252,20260108,5,35,3,4,10000.0
253,20260111,9,9,4,5,45000.0
254,20260111,1,6,3,4,12000.0
255,20260107,2,25,2,4,11200.0
256,20260110,8,11,5,2,10000.0
257,20260104,8,20,5,3,15000.0
258,20260103,6,5,4,2,36000.0
259,20260109,1,12,4,4,12000.0
260,20260106,7,30,1,5,75000.0
261,20260114,1,6,1,4,12000.0
262,20260105,3,40,1,5,60000.0
263,20260106,6,10,4,5,90000.0
264,20260102,8,15,4,3,15000.0
265,20260111,6,25,3,4,72000.0
266,20260111,9,11,3,3,27000.0
267,20260113,7,20,3,4,60000.0
268,20260101,8,7,4,1,5000.0
269,20260113,3,30,3,1,12000.0
270,20260108,5,10,2,3,7500.0
271,20260101,8,12,4,4,20000.0
272,20260113,5,2,5,2,5000.0
273,20260109,8,5,1,1,5000.0
274,20260114,3,3,1,4,48000.0
275,20260101,9,11,1,4,36000.0
276,20260113,3,6,1,3,36000.0
277,20260115,2,40,1,4,11200.0
278,20260107,9,5,2,2,18000.0
279,20260104,1,9,1,2,6000.0
280,20260109,10,9,4,3,10500.0
281,20260107,2,13,4,4,11200.0
282,20260106,9,10,3,3,27000.0
283,20260114,8,40,5,4,20000.0
284,20260103,8,10,1,4,20000.0
285,20260110,1,1,3,5,15000.0
286,20260101,8,2,3,2,10000.0
287,20260108,3,40,5,5,60000.0
288,20260110,3,14,5,4,48000.0
289,20260113,5,12,2,4,10000.0
290,20260112,7,3,3,5,75000.0
291,20260113,8,11,5,2,10000.0
292,20260103,2,14,4,1,2800.0
293,20260113,10,12,1,4,14000.0
294,20260110,8,4,3,3,15000.0
295,20260112,9,13,4,3,27000.0
296,20260110,2,4,1,3,8400.0
297,20260104,2,6,5,5,14000.0
298,20260105,8,4,5,5,25000.0
299,20260114,6,3,3,2,36000.0
300,20260102,5,7,1,3,7500.0
301,20260106,1,2,1,1,3000.0
302,20260102,3,4,2,5,60000.0
303,20260108,2,13,4,4,11200.0
304,20260103,10,10,5,4,14000.0
305,20260106,4,2,1,2,9000.0
306,20260104,2,8,2,4,11200.0
307,20260104,9,25,4,1,9000.0
308,20260102,4,12,2,1,4500.0
309,20260110,4,6,1,3,13500.0
310,20260104,9,4,3,4,36000.0
311,20260108,9,10,2,3,27000.0
312,20260111,10,25,1,3,10500.0
313,20260111,7,4,4,1,15000.0
314,20260103,10,7,1,1,3500.0
315,20260101,4,7,4,4,18000.0
316,20260110,10,13,4,4,14000.0
317,20260113,9,12,4,4,36000.0
318,20260101,9,8,1,4,36000.0
319,20260114,5,14,2,4,10000.0
320,20260102,9,1,3,4,36000.0
321,20260108,9,10,1,3,27000.0
322,20260107,10,25,5,1,3500.0
323,20260107,2,9,1,3,8400.0
324,20260114,7,20,1,1,15000.0
325,20260104,3,11,4,5,60000.0
326,20260111,4,3,2,5,22500.0
327,20260111,5,10,5,1,2500.0
328,20260115,2,30,4,2,5600.0
329,20260108,7,12,1,1,15000.0
330,20260111,2,14,5,1,2800.0
331,20260108,5,9,4,4,10000.0
332,20260112,8,20,1,1,5000.0
333,20260111,7,8,2,2,30000.0
334,20260104,5,13,2,5,12500.0
335,20260109,10,15,4,3,10500.0
336,20260107,5,9,2,2,5000.0
337,20260102,8,13,5,2,10000.0
338,20260105,9,30,4,2,18000.0
339,20260115,6,9,2,1,18000.0
340,20260115,3,9,3,1,12000.0
341,20260104,6,5,2,5,90000.0
342,20260105,2,30,3,3,8400.0
343,20260106,9,5,4,1,9000.0
344,20260109,9,15,4,2,18000.0
345,20260111,1,10,3,4,12000.0
346,20260109,1,5,3,1,3000.0
347,20260113,2,40,3,1,2800.0
348,20260106,7,20,2,3,45000.0
349,20260110,8,5,5,4,20000.0
350,20260104,9,3,4,5,45000.0
351,20260111,6,4,2,1,18000.0
352,20260110,5,4,5,2,5000.0
353,20260104,10,9,5,1,3500.0
354,20260106,3,40,2,5,60000.0
355,20260102,8,4,4,5,25000.0
356,20260102,7,12,3,3,45000.0
357,20260112,1,9,2,5,15000.0
358,20260109,1,9,2,5,15000.0
359,20260115,8,4,2,5,25000.0
360,20260114,10,20,5,4,14000.0
361,20260108,4,8,3,2,9000.0
362,20260110,6,30,1,1,18000.0
363,20260114,7,5,3,4,60000.0
364,20260113,3,4,3,2,24000.0
365,20260101,4,12,5,2,9000.0
366,20260108,5,10,2,1,2500.0
367,20260103,10,35,1,5,17500.0
368,20260114,9,15,1,2,18000.0
369,20260111,5,3,4,2,5000.0
370,20260103,1,35,3,1,3000.0
371,20260112,7,6,4,4,60000.0
372,20260103,5,8,1,5,12500.0
373,20260108,9,3,3,5,45000.0
374,20260110,5,30,1,3,7500.0
375,20260115,5,5,1,3,7500.0
376,20260105,10,7,2,4,14000.0
377,20260108,2,5,1,2,5600.0
378,20260114,1,6,2,4,12000.0
379,20260103,8,4,2,1,5000.0
380,20260106,2,35,5,3,8400.0
381,20260109,7,10,4,1,15000.0
382,20260105,9,13,4,5,45000.0
383,20260108,4,5,2,2,9000.0
384,20260103,3,11,2,2,24000.0
385,20260114,8,13,5,5,25000.0
386,20260109,6,6,1,4,72000.0
387,20260109,5,7,5,5,12500.0
388,20260114,2,10,4,1,2800.0
389,20260102,1,15,3,3,9000.0
390,20260104,7,13,2,5,75000.0
391,20260107,3,5,4,3,36000.0
392,20260104,4,7,3,1,4500.0
393,20260101,7,35,5,5,75000.0
394,20260109,9,10,5,5,45000.0
395,20260113,9,13,2,5,45000.0
396,20260109,4,30,1,5,22500.0
397,20260104,4,9,3,4,18000.0
398,20260115,8,7,2,4,20000.0
399,20260111,9,7,1,5,45000.0
400,20260108,4,7,3,2,9000.0
401,20260114,8,25,4,2,10000.0
402,20260101,4,25,3,2,9000.0
403,20260102,2,13,3,2,5600.0
404,20260110,10,30,4,4,14000.0
405,20260102,5,6,2,4,10000.0
406,20260110,7,11,3,2,30000.0
407,20260111,4,30,4,1,4500.0
408,20260114,7,25,1,1,15000.0
409,20260107,8,9,3,2,10000.0
410,20260114,5,12,2,3,7500.0
411,20260110,2,7,3,4,11200.0
412,20260109,3,2,5,1,12000.0
413,20260101,9,40,5,1,9000.0
414,20260110,3,35,5,4,48000.0
415,20260113,9,13,2,5,45000.0
416,20260102,6,30,2,2,36000.0
417,20260111,1,35,2,5,15000.0
418,20260102,7,15,1,3,45000.0
419,20260111,1,13,2,1,3000.0
420,20260101,6,25,4,5,90000.0
421,20260103,2,12,2,3,8400.0
422,20260111,1,3,3,5,15000.0
423,20260111,10,35,2,2,7000.0
424,20260110,10,6,2,5,17500.0
425,20260112,3,25,2,2,24000.0
426,20260104,2,11,2,1,2800.0
427,20260103,7,3,5,1,15000.0
428,20260110,6,6,3,2,36000.0
429,20260115,6,13,5,1,18000.0
430,20260102,8,35,3,2,10000.0
431,20260109,4,2,4,5,22500.0
432,20260107,8,12,5,4,20000.0
433,20260107,2,4,5,2,5600.0
434,20260102,2,14,4,2,5600.0
435,20260101,3,30,4,1,12000.0
436,20260111,4,30,2,2,9000.0
437,20260115,4,4,4,4,18000.0
438,20260102,10,6,5,4,14000.0
439,20260111,7,14,1,1,15000.0
440,20260103,2,14,4,4,11200.0
441,20260108,3,1,1,4,48000.0
442,20260113,4,20,1,1,4500.0
443,20260106,7,15,3,1,15000.0
444,20260104,8,12,4,2,10000.0
445,20260109,10,2,3,3,10500.0
446,20260106,6,14,2,5,90000.0
447,20260115,1,30,4,4,12000.0
448,20260102,2,4,1,2,5600.0
449,20260107,8,14,3,4,20000.0
450,20260103,9,15,4,1,9000.0
451,20260108,3,6,3,2,24000.0
452,20260101,3,20,1,2,24000.0
453,20260101,4,35,3,3,13500.0
454,20260106,3,20,3,5,60000.0
455,20260104,8,4,4,2,10000.0
456,20260101,2,12,1,5,14000.0
457,20260115,9,14,5,1,9000.0
458,20260115,2,2,3,5,14000.0
459,20260113,7,14,4,5,75000.0
460,20260114,8,20,3,3,15000.0
461,20260103,10,3,5,2,7000.0
462,20260105,7,3,1,2,30000.0
463,20260110,1,1,4,5,15000.0
464,20260106,3,7,1,4,48000.0
465,20260107,8,13,5,3,15000.0
466,20260112,1,4,4,1,3000.0
467,20260102,7,5,1,3,45000.0
468,20260115,6,20,3,1,18000.0
469,20260106,1,12,4,4,12000.0
470,20260115,6,25,3,4,72000.0
471,20260111,3,30,3,5,60000.0
472,20260109,7,14,1,5,75000.0
473,20260114,4,8,5,3,13500.0
474,20260109,8,2,2,2,10000.0
475,20260106,6,1,1,1,18000.0
476,20260107,5,10,2,2,5000.0
477,20260109,2,2,5,5,14000.0
478,20260103,5,13,5,1,2500.0
479,20260111,9,25,5,2,18000.0
480,20260110,2,20,4,3,8400.0
481,20260107,2,15,1,4,11200.0
482,20260106,7,12,5,5,75000.0
483,20260103,7,25,4,1,15000.0
484,20260108,8,11,1,1,5000.0
485,20260102,3,5,4,5,60000.0
486,20260109,9,25,1,5,45000.0
487,20260109,7,5,4,4,60000.0
488,20260107,2,3,5,2,5600.0
489,20260104,10,13,1,1,3500.0
490,20260113,10,2,2,3,10500.0
491,20260108,1,7,1,4,12000.0
492,20260114,6,35,4,3,54000.0
493,20260101,8,12,2,5,25000.0
494,20260110,9,14,5,2,18000.0
495,20260111,10,14,4,3,10500.0
496,20260108,4,1,5,2,9000.0
497,20260103,10,20,3,1,3500.0
498,20260108,9,10,5,2,18000.0
499,20260106,6,9,2,4,72000.0
500,20260115,6,25,5,1,18000.0
501,20260102,7,5,2,1,15000.0
502,20260105,6,8,1,1,18000.0
503,20260103,7,7,1,2,30000.0
504,20260103,8,7,3,2,10000.0
505,20260101,7,7,1,2,30000.0
506,20260114,2,2,3,5,14000.0
507,20260104,8,15,5,5,25000.0
508,20260112,5,4,4,5,12500.0
509,20260113,4,9,4,3,13500.0
510,20260112,6,1,4,4,72000.0
511,20260110,9,25,2,5,45000.0
512,20260107,1,8,3,2,6000.0
513,20260113,1,25,2,3,9000.0
514,20260106,9,14,5,3,27000.0
515,20260104,9,8,3,1,9000.0
516,20260112,3,6,5,4,48000.0
517,20260112,3,40,1,5,60000.0
518,20260112,10,12,2,2,7000.0
519,20260115,5,20,2,2,5000.0
520,20260109,5,35,4,4,10000.0
521,20260112,5,3,2,5,12500.0
522,20260107,3,7,1,5,60000.0
523,20260109,10,10,4,1,3500.0
524,20260106,6,15,2,5,90000.0
525,20260115,8,13,4,2,10000.0
526,20260115,3,13,1,1,12000.0
527,20260105,9,5,4,1,9000.0
528,20260108,1,30,2,5,15000.0
529,20260107,1,20,3,2,6000.0
530,20260103,1,1,5,5,15000.0
531,20260114,5,20,2,3,7500.0
532,20260109,2,9,5,2,5600.0
533,20260114,3,1,5,3,36000.0
534,20260103,10,8,1,3,10500.0
535,20260102,10,1,5,5,17500.0
536,20260107,8,8,3,5,25000.0
537,20260113,9,35,5,5,45000.0
538,20260106,2,25,3,2,5600.0
539,20260114,7,10,4,1,15000.0
540,20260105,9,11,4,1,9000.0
541,20260112,2,15,2,5,14000.0
542,20260113,1,2,4,4,12000.0
543,20260110,9,4,3,4,36000.0
544,20260104,9,40,4,2,18000.0
545,20260107,8,4,2,5,25000.0
546,20260112,5,5,5,2,5000.0
547,20260112,8,3,1,1,5000.0
548,20260107,1,20,4,3,9000.0
549,20260103,5,40,3,3,7500.0
550,20260115,5,3,5,4,10000.0
551,20260110,7,30,3,5,75000.0
552,20260110,1,15,5,1,3000.0
553,20260111,7,7,1,2,30000.0
554,20260101,6,10,1,5,90000.0
555,20260110,4,20,2,3,13500.0
556,20260115,6,8,1,1,18000.0
557,20260110,7,1,4,5,75000.0
558,20260102,3,25,4,1,12000.0
559,20260101,2,7,3,2,5600.0
560,20260111,1,25,4,4,12000.0
561,20260109,2,15,1,5,14000.0
562,20260105,7,4,3,4,60000.0
563,20260113,6,14,4,2,36000.0
564,20260112,4,14,2,5,22500.0
565,20260115,3,12,2,2,24000.0
566,20260101,10,12,4,5,17500.0
567,20260107,4,25,3,5,22500.0
568,20260101,7,7,1,5,75000.0
569,20260104,8,2,1,3,15000.0
570,20260113,7,14,3,1,15000.0
571,20260104,5,25,2,1,2500.0
572,20260101,9,2,1,2,18000.0
573,20260107,4,1,2,1,4500.0
574,20260107,8,8,5,4,20000.0
575,20260107,8,4,3,5,25000.0
576,20260105,1,15,1,1,3000.0
577,20260112,4,13,4,4,18000.0
578,20260105,4,11,1,1,4500.0
579,20260114,6,3,1,5,90000.0
580,20260113,4,3,4,1,4500.0
581,20260101,2,15,3,5,14000.0
582,20260101,2,2,3,5,14000.0
583,20260103,10,13,3,5,17500.0
584,20260111,10,10,4,4,14000.0
585,20260106,2,14,4,3,8400.0
586,20260111,9,8,5,5,45000.0
587,20260114,7,4,5,1,15000.0
588,20260102,1,2,2,4,12000.0
589,20260113,9,9,2,2,18000.0
590,20260103,6,30,5,3,54000.0
591,20260102,2,15,5,2,5600.0
592,20260111,5,25,4,1,2500.0
593,20260110,5,13,5,1,2500.0
594,20260111,9,15,4,5,45000.0
595,20260106,7,6,2,3,45000.0
596,20260115,7,35,1,5,75000.0
597,20260108,4,15,4,3,13500.0
598,20260112,4,13,5,4,18000.0
599,20260109,8,35,3,4,20000.0
600,20260109,6,13,5,2,36000.0
601,20260102,5,12,2,3,7500.0
602,20260102,2,4,3,4,11200.0
603,20260115,10,14,2,5,17500.0
604,20260114,3,20,4,5,60000.0
605,20260108,4,25,4,5,22500.0
606,20260113,2,25,1,4,11200.0
607,20260109,8,6,5,1,5000.0
608,20260103,10,5,2,5,17500.0
609,20260105,7,9,5,5,75000.0
610,20260108,9,30,2,3,27000.0
611,20260113,5,40,3,4,10000.0
612,20260103,3,4,4,1,12000.0
613,20260107,5,11,2,5,12500.0
614,20260105,8,11,3,4,20000.0
615,20260105,3,7,4,2,24000.0
616,20260111,6,40,5,1,18000.0
617,20260107,9,13,1,1,9000.0
618,20260114,4,10,3,1,4500.0
619,20260111,2,10,2,3,8400.0
620,20260101,8,40,2,5,25000.0
621,20260105,5,11,1,2,5000.0
622,20260111,9,7,5,3,27000.0
623,20260113,3,20,4,4,48000.0
624,20260114,4,7,1,5,22500.0
625,20260113,10,8,5,4,14000.0
626,20260111,3,14,5,2,24000.0
627,20260110,1,12,3,3,9000.0
628,20260113,3,7,3,2,24000.0
629,20260105,6,10,5,5,90000.0
630,20260105,7,1,5,3,45000.0
631,20260103,10,14,1,1,3500.0
632,20260114,10,7,1,1,3500.0
633,20260107,3,40,4,4,48000.0
634,20260109,4,15,1,5,22500.0
635,20260109,9,4,4,4,36000.0
636,20260112,5,12,2,2,5000.0
637,20260103,10,8,3,5,17500.0
638,20260104,2,6,5,3,8400.0
639,20260112,5,10,3,3,7500.0
640,20260101,10,14,3,4,14000.0
641,20260114,5,6,5,1,2500.0
642,20260105,10,5,3,1,3500.0
643,20260115,7,25,2,4,60000.0
644,20260114,5,12,1,1,2500.0
645,20260107,2,3,1,5,14000.0
646,20260106,8,30,1,3,15000.0
647,20260107,9,11,1,5,45000.0
648,20260108,5,30,3,1,2500.0
649,20260108,1,14,5,2,6000.0
650,20260102,2,3,3,4,11200.0
651,20260107,8,4,5,5,25000.0
652,20260102,5,2,5,1,2500.0
653,20260110,9,12,3,4,36000.0
654,20260114,7,2,2,2,30000.0
655,20260110,2,25,1,2,5600.0
656,20260112,4,20,1,2,9000.0
657,20260105,1,4,5,2,6000.0
658,20260114,5,7,4,3,7500.0
659,20260112,4,1,1,4,18000.0
660,20260104,8,3,1,4,20000.0
661,20260101,8,1,1,4,20000.0
662,20260115,9,3,2,5,45000.0
663,20260111,7,9,3,4,60000.0
664,20260103,10,6,4,2,7000.0
665,20260112,6,3,4,3,54000.0
666,20260104,8,8,3,1,5000.0
667,20260108,3,9,4,3,36000.0
668,20260102,9,20,4,2,18000.0
669,20260113,1,7,4,3,9000.0
670,20260108,5,35,4,1,2500.0
671,20260114,10,35,5,5,17500.0
672,20260107,3,25,4,2,24000.0
673,20260104,4,8,3,4,18000.0
674,20260114,4,20,4,4,18000.0
675,20260105,7,25,1,1,15000.0
676,20260106,1,13,2,4,12000.0
677,20260112,8,6,2,2,10000.0
678,20260107,5,9,1,5,12500.0
679,20260101,7,1,1,5,75000.0
680,20260115,2,6,2,5,14000.0
681,20260109,7,12,5,2,30000.0
682,20260105,10,40,1,5,17500.0
683,20260104,9,2,5,2,18000.0
684,20260101,4,9,4,2,9000.0
685,20260114,10,11,4,3,10500.0
686,20260104,3,1,2,3,36000.0
687,20260107,6,15,5,2,36000.0
688,20260108,8,5,1,2,10000.0
689,20260111,7,6,1,2,30000.0
690,20260112,6,11,5,5,90000.0
691,20260101,2,30,5,5,14000.0
692,20260109,2,7,4,2,5600.0
693,20260102,1,8,2,3,9000.0
694,20260111,6,40,4,2,36000.0
695,20260104,3,9,5,1,12000.0
696,20260112,7,15,1,1,15000.0
697,20260111,1,15,1,3,9000.0
698,20260107,6,25,4,1,18000.0
699,20260103,5,25,5,4,10000.0
700,20260109,6,8,2,5,90000.0
701,20260113,8,11,5,1,5000.0
702,20260106,8,6,3,1,5000.0
703,20260115,2,15,4,5,14000.0
704,20260114,1,14,2,3,9000.0
705,20260106,9,35,2,4,36000.0
706,20260105,1,2,1,3,9000.0
707,20260108,9,14,4,4,36000.0
708,20260105,6,35,1,4,72000.0
709,20260101,3,25,2,5,60000.0
710,20260111,2,30,1,2,5600.0
711,20260105,2,13,5,3,8400.0
712,20260112,6,1,3,4,72000.0
713,20260108,9,9,4,3,27000.0
714,20260113,10,13,2,3,10500.0
715,20260112,4,8,3,4,18000.0
716,20260114,10,9,5,2,7000.0
717,20260103,3,35,1,4,48000.0
718,20260102,6,2,2,4,72000.0
719,20260112,8,3,3,4,20000.0
720,20260111,9,14,5,4,36000.0
721,20260114,4,25,5,3,13500.0
722,20260107,7,7,5,3,45000.0
723,20260112,4,3,4,2,9000.0
724,20260113,3,3,2,2,24000.0
725,20260112,10,8,5,3,10500.0
726,20260111,4,35,5,5,22500.0
727,20260114,3,1,3,4,48000.0
728,20260114,3,4,4,5,60000.0
729,20260105,2,14,4,5,14000.0
730,20260110,8,11,4,4,20000.0
731,20260106,9,15,1,5,45000.0
732,20260108,5,40,3,1,2500.0
733,20260106,6,9,4,5,90000.0
734,20260115,2,13,5,4,11200.0
735,20260101,10,2,4,1,3500.0
736,20260109,7,40,1,3,45000.0
737,20260110,5,9,3,3,7500.0
738,20260109,4,10,1,2,9000.0
739,20260103,9,1,4,5,45000.0
740,20260110,5,25,1,1,2500.0
741,20260105,1,12,1,5,15000.0
742,20260105,1,30,4,5,15000.0
743,20260112,2,7,4,3,8400.0
744,20260111,7,6,1,3,45000.0
745,20260110,6,20,5,4,72000.0
746,20260105,4,1,3,1,4500.0
747,20260107,8,3,3,5,25000.0
748,20260114,3,6,4,3,36000.0
749,20260112,7,12,5,5,75000.0
750,20260111,3,35,4,1,12000.0
751,20260104,6,2,2,1,18000.0
752,20260102,5,13,4,5,12500.0
753,20260114,10,15,5,1,3500.0
754,20260110,7,13,1,2,30000.0
755,20260104,1,40,3,2,6000.0
756,20260114,1,25,2,1,3000.0
757,20260115,7,3,3,1,15000.0
758,20260110,3,11,1,1,12000.0
759,20260102,4,6,3,1,4500.0
760,20260106,6,8,5,1,18000.0
761,20260103,6,14,1,2,36000.0
762,20260107,7,4,2,3,45000.0
763,20260108,6,14,3,5,90000.0
764,20260111,5,40,5,4,10000.0
765,20260106,8,11,1,1,5000.0
766,20260114,3,5,4,4,48000.0
767,20260105,3,10,3,4,48000.0
768,20260109,8,25,4,1,5000.0
769,20260105,1,3,1,1,3000.0
770,20260113,7,3,5,2,30000.0
771,20260101,4,35,1,4,18000.0
772,20260107,6,9,5,1,18000.0
773,20260109,6,40,2,3,54000.0
774,20260113,3,35,1,1,12000.0
775,20260112,5,7,1,2,5000.0
776,20260108,10,35,5,1,3500.0
777,20260105,7,20,4,4,60000.0
778,20260109,6,40,2,2,36000.0
779,20260101,1,15,1,3,9000.0
780,20260102,6,25,5,3,54000.0
781,20260110,9,9,5,3,27000.0
782,20260108,9,15,4,4,36000.0
783,20260109,8,35,2,1,5000.0
784,20260113,3,9,3,4,48000.0
785,20260108,2,2,2,2,5600.0
786,20260106,9,12,2,4,36000.0
787,20260101,10,5,1,5,17500.0
788,20260113,10,8,2,3,10500.0
789,20260106,6,35,2,1,18000.0
790,20260111,8,7,5,2,10000.0
791,20260106,8,20,2,5,25000.0
792,20260102,6,20,2,4,72000.0
793,20260108,1,15,3,1,3000.0
794,20260111,4,2,1,2,9000.0
795,20260106,7,6,5,4,60000.0
796,20260113,2,8,2,5,14000.0
797,20260109,7,7,5,2,30000.0
798,20260103,4,40,1,1,4500.0
799,20260103,5,14,3,2,5000.0
800,20260115,1,20,5,2,6000.0
801,20260104,7,7,3,3,45000.0
802,20260111,7,3,3,4,60000.0
803,20260110,5,35,3,4,10000.0
804,20260109,4,30,5,3,13500.0
805,20260102,4,1,2,3,13500.0
806,20260103,2,25,4,1,2800.0
807,20260113,3,6,3,1,12000.0
808,20260111,5,12,5,2,5000.0
809,20260107,3,11,1,3,36000.0
810,20260112,8,9,3,3,15000.0
811,20260104,8,35,2,4,20000.0
812,20260111,7,9,5,4,60000.0
813,20260102,2,30,3,2,5600.0
814,20260115,9,30,1,1,9000.0
815,20260101,5,12,5,5,12500.0
816,20260106,3,8,3,5,60000.0
817,20260105,4,15,2,1,4500.0
818,20260104,10,9,5,1,3500.0
819,20260108,9,40,2,5,45000.0
820,20260110,2,11,5,2,5600.0
821,20260102,8,12,4,3,15000.0
822,20260101,3,15,5,4,48000.0
823,20260107,3,15,2,3,36000.0
824,20260113,3,7,4,5,60000.0
825,20260104,10,7,3,4,14000.0
826,20260108,3,13,3,5,60000.0
827,20260109,7,15,2,1,15000.0
828,20260101,5,4,3,2,5000.0
829,20260111,9,30,1,4,36000.0
830,20260111,8,40,5,2,10000.0
831,20260107,9,14,3,4,36000.0
832,20260112,5,12,4,3,7500.0
833,20260105,3,15,5,1,12000.0
834,20260103,6,20,2,5,90000.0
835,20260108,10,30,5,5,17500.0
836,20260115,1,12,4,3,9000.0
837,20260110,9,14,1,1,9000.0
838,20260114,4,35,4,4,18000.0
839,20260107,1,15,3,2,6000.0
840,20260107,6,35,2,3,54000.0
841,20260102,10,11,1,2,7000.0
842,20260113,5,9,2,5,12500.0
843,20260101,3,5,4,4,48000.0
844,20260102,9,8,5,1,9000.0
845,20260103,7,9,1,2,30000.0
846,20260104,10,15,5,4,14000.0
847,20260103,10,9,5,4,14000.0
848,20260110,6,35,4,2,36000.0
849,20260108,6,5,2,2,36000.0
850,20260101,5,10,3,4,10000.0
851,20260105,6,14,1,4,72000.0
852,20260110,7,3,2,4,60000.0
853,20260110,9,15,2,3,27000.0
854,20260107,10,30,2,1,3500.0
855,20260102,5,25,2,3,7500.0
856,20260102,9,14,1,3,27000.0
857,20260101,7,20,5,4,60000.0
858,20260111,2,4,1,4,11200.0
859,20260104,7,20,2,4,60000.0
860,20260104,6,11,4,2,36000.0
861,20260105,4,12,5,5,22500.0
862,20260106,7,2,3,4,60000.0
863,20260109,10,1,5,3,10500.0
864,20260101,1,8,4,2,6000.0
865,20260104,10,7,2,2,7000.0
866,20260105,6,11,1,1,18000.0
867,20260101,5,12,1,3,7500.0
868,20260103,4,15,1,5,22500.0
869,20260106,5,5,3,4,10000.0
870,20260106,7,10,5,4,60000.0
871,20260105,10,13,3,2,7000.0
872,20260104,6,2,3,2,36000.0
873,20260115,2,5,2,5,14000.0
874,20260110,10,13,1,2,7000.0
875,20260113,1,10,4,5,15000.0
876,20260107,4,2,3,1,4500.0
877,20260113,8,40,3,2,10000.0
878,20260107,10,8,1,2,7000.0
879,20260115,5,20,2,2,5000.0
880,20260110,5,4,3,5,12500.0
881,20260101,1,6,4,1,3000.0
882,20260109,9,5,5,3,27000.0
883,20260115,2,6,1,2,5600.0
884,20260115,7,35,5,3,45000.0
885,20260111,7,8,3,2,30000.0
886,20260113,10,11,4,4,14000.0
887,20260113,8,11,2,1,5000.0
888,20260113,4,6,2,3,13500.0
889,20260115,1,10,4,1,3000.0
890,20260115,10,30,1,1,3500.0
891,20260112,3,3,2,1,12000.0
892,20260106,4,40,4,4,18000.0
893,20260112,3,5,4,5,60000.0
894,20260111,9,11,2,1,9000.0
895,20260112,3,40,2,1,12000.0
896,20260114,2,15,4,1,2800.0
897,20260109,5,11,2,4,10000.0
898,20260104,4,6,4,5,22500.0
899,20260103,5,5,5,4,10000.0
900,20260115,9,35,1,1,9000.0
901,20260107,4,2,2,1,4500.0
902,20260115,4,9,1,5,22500.0
903,20260112,10,15,4,4,14000.0
904,20260111,9,40,5,2,18000.0
905,20260111,9,4,5,5,45000.0
906,20260106,5,2,1,5,12500.0
907,20260103,2,4,5,5,14000.0
908,20260114,3,25,1,4,48000.0
909,20260114,10,11,3,1,3500.0
910,20260101,1,15,4,4,12000.0
911,20260102,10,9,1,1,3500.0
912,20260113,10,10,5,2,7000.0
913,20260106,6,25,5,1,18000.0
914,20260114,9,12,3,3,27000.0
915,20260101,6,14,2,3,54000.0
916,20260108,6,12,3,5,90000.0
917,20260101,9,20,1,1,9000.0
918,20260104,4,15,4,2,9000.0
919,20260115,9,1,5,1,9000.0
920,20260110,7,25,3,2,30000.0
921,20260105,8,35,1,4,20000.0
922,20260111,3,7,2,4,48000.0
923,20260106,1,6,1,1,3000.0
924,20260107,8,4,3,2,10000.0
925,20260110,9,30,1,3,27000.0
926,20260109,4,2,1,5,22500.0
927,20260104,1,11,1,4,12000.0
928,20260108,1,2,4,1,3000.0
929,20260102,7,40,2,5,75000.0
930,20260110,3,25,5,1,12000.0
931,20260104,9,3,1,3,27000.0
932,20260115,7,9,4,3,45000.0
933,20260103,6,6,2,3,54000.0
934,20260103,6,5,1,3,54000.0
935,20260111,10,1,4,3,10500.0
936,20260107,1,7,3,5,15000.0
937,20260105,7,20,2,4,60000.0
938,20260109,1,40,4,3,9000.0
939,20260114,9,6,1,3,27000.0
940,20260103,4,10,5,5,22500.0
941,20260104,5,30,5,2,5000.0
942,20260111,4,4,5,2,9000.0
943,20260102,8,15,1,4,20000.0
944,20260109,1,15,4,2,6000.0
945,20260104,9,9,4,3,27000.0
946,20260115,4,7,4,3,13500.0
947,20260115,8,13,5,5,25000.0
948,20260101,5,2,3,4,10000.0
949,20260111,10,4,1,2,7000.0
950,20260104,2,40,1,2,5600.0
951,20260114,4,11,3,2,9000.0
952,20260114,2,15,2,1,2800.0
953,20260102,5,4,5,4,10000.0
954,20260108,7,5,3,5,75000.0
955,20260102,7,9,3,2,30000.0
956,20260109,10,5,4,2,7000.0
957,20260101,2,3,4,3,8400.0
958,20260109,1,5,5,3,9000.0
959,20260107,8,6,1,4,20000.0
960,20260102,9,15,1,4,36000.0
961,20260103,8,25,3,5,25000.0
962,20260112,8,11,3,3,15000.0
963,20260103,5,9,4,3,7500.0
964,20260105,1,1,3,3,9000.0
965,20260115,3,10,5,1,12000.0
966,20260110,8,20,3,5,25000.0
967,20260113,8,6,3,5,25000.0
968,20260115,7,3,5,5,75000.0
969,20260107,5,25,1,4,10000.0
970,20260113,1,40,1,4,12000.0
971,20260111,2,13,5,1,2800.0
972,20260107,1,1,2,4,12000.0
973,20260114,8,7,4,3,15000.0
974,20260106,10,1,4,2,7000.0
975,20260104,4,14,5,4,18000.0
976,20260113,9,35,5,4,36000.0
977,20260108,7,9,2,5,75000.0
978,20260111,9,30,4,4,36000.0
979,20260111,9,25,3,1,9000.0
980,20260114,5,10,1,5,12500.0
981,20260107,6,14,4,3,54000.0
982,20260107,7,14,1,4,60000.0
983,20260111,5,10,3,3,7500.0
984,20260114,9,8,3,3,27000.0
985,20260113,5,35,3,3,7500.0
986,20260106,1,2,3,5,15000.0
987,20260114,9,6,5,2,18000.0
988,20260115,8,20,4,4,20000.0
989,20260109,9,5,1,4,36000.0
990,20260108,4,14,5,1,4500.0
991,20260110,8,30,3,2,10000.0
992,20260112,7,5,5,2,30000.0
993,20260108,1,30,1,1,3000.0
994,20260107,8,6,1,1,5000.0
995,20260108,5,1,2,3,7500.0
996,20260101,2,12,1,3,8400.0
997,20260105,4,15,3,3,13500.0
998,20260110,7,15,5,3,45000.0
999,20260113,7,7,2,3,45000.0
1000,20260114,7,7,1,3,45000.0
